{
    "manufacturer": "BaselineDesign",
    "keyboard_name": "knob_v2",
    "maintainer": "BaselineDesign",
    "bootloader": "caterina",
    "diode_direction": "COL2ROW",
    "features": {
        "bootmagic": true,
        "command": false,
        "console": false,
        "extrakey": true,
        "mousekey": true,
        "encoder": true,
        "nkro": true
    },
    "matrix_pins": {
        "direct": [
            ["D3", "F4", "E6" ]
        ]
    },
    "encoder": {
        "rotary": [
            {"pin_a": "B4", "pin_b": "B5"}
        ]
    },
    "processor": "atmega32u4",
    "url": "",
    "usb": {
        "device_version": "1.0.0",
        "pid": "0x0000",
        "vid": "0xFEED"
    },
    "layouts": {
        "LAYOUT": {
            "layout": [
                {"matrix": [0, 0], "x": 0, "y": 0},
                {"matrix": [0, 1], "x": 1, "y": 0},
                {"matrix": [0, 2], "x": 2, "y": 0}

            ]
        }
    }
}