{
    "manufacturer": "BaselineDesign",
    "keyboard_name": "KNOBV2",
    "maintainer": "BaselineDesign",
    "bootloader": "caterina",
    "diode_direction": "COL2ROW",
    "features": {
        "bootmagic": false,
        "command": false,
        "console": false,
        "extrakey": true,
        "mousekey": true,
        "nkro": true
    },
    "matrix_pins": {
        "direct": [
            ["B5", "B4", "E6" ]
        ]
    },
    "processor": "atmega32u4",
    "url": "",
    "usb": {
        "device_version": "1.0.0",
        "pid": "0x4B4E",
        "vid": "0x4244"
    },
    "layouts": {
        "LAYOUT": {
            "layout": [
                {"matrix": [0, 0], "x": 0, "y": 0},
                {"matrix": [0, 1], "x": 1, "y": 0},
                {"matrix": [0, 2], "x": 2, "y": 0}
            ]
        }
    }
}